rating,avg_delivery_time
5,00:44:44.252672
4,00:44:46.788597
3,00:44:58.610772
2,00:44:34.8554
